State,1951,1961,1971,1981,1991,2001
Andaman and Nicobar Islands,Andaman and Nicobar,Andaman and Nicobar Islands,Andaman and Nicobar Islands,Andaman and Nicobar Islands,Andaman and Nicobar Islands,Andaman and Nicobar Islands
Andaman and Nicobar Islands,Andaman and Nicobar,Andaman and Nicobar Islands,Andaman and Nicobar Islands,Andaman,Andaman,Andaman
Andaman and Nicobar Islands,Andaman and Nicobar,Andaman and Nicobar Islands,Andaman and Nicobar Islands,Nicobar,Nicobar,Nicobar
Andhra Pradesh,Srikakulam,Srikakulam,Srikakulam,Srikakulam,Srikakulam,Srikakulam
Andhra Pradesh,Srikakulam,Srikakulam,Srikakulam,Vizianagaram,Vizianagaram,Vizianagaram
Andhra Pradesh,Vizagapatnam,Visakhapatnam,Visakhapatnam,Visakhapatnam,Visakhapatnam,Visakhapatnam
Andhra Pradesh,Vizagapatnam,Visakhapatnam,Visakhapatnam,Vizianagaram,Vizianagaram,Vizianagaram
Andhra Pradesh,East Godavari,East Godavari,East Godavari,East Godavari,East Godavari,East Godavari
Andhra Pradesh,West Godavari,West Godavari,West Godavari,West Godavari,West Godavari,West Godavari
Andhra Pradesh,Krishna,Krishna,Krishna,Krishna,Krishna,Krishna
Andhra Pradesh,Guntur,Guntur,Guntur,Guntur,Guntur,Guntur
Andhra Pradesh,Guntur,Guntur, Ongole, Ongole, Ongole, Ongole
Andhra Pradesh,Nellore,Nellore,Nellore,Nellore,Nellore,Nellore
Andhra Pradesh,Nellore,Nellore,Ongole,Ongole,Ongole,Ongole
Andhra Pradesh,Chittoor,Chittoor,Chittoor,Chittoor,Chittoor,Chittoor
Andhra Pradesh,Cuddapah,Cuddapah,Cuddapah,Cuddapah,Cuddapah,Cuddapah
Andhra Pradesh,Anantapur,Anantapur,Anantapur,Anantapur,Anantapur,Anantapur
Andhra Pradesh,Kurnool,Kurnool,Kurnool,Kurnool,Kurnool,Kurnool
Andhra Pradesh,Kurnool,Kurnool,Ongole,Ongole,Ongole,Ongole
Andhra Pradesh,Mahbubnagar,Mahbubnagar,Mahbubnagar,Mahbubnagar,Mahbubnagar,Mahbubnagar
Andhra Pradesh,Hyderabad,Hyderabad,Hyderabad,Hyderabad,Hyderabad,Hyderabad
Andhra Pradesh,Hyderabad,Hyderabad,Hyderabad,Rangareddi,Rangareddi,Rangareddi
Andhra Pradesh,Medak,Medak,Medak,Medak,Medak,Medak
Andhra Pradesh,Nizamabad,Nizamabad,Nizamabad,Nizamabad,Nizamabad,Nizamabad
Andhra Pradesh,Adilabad,Adilabad,Adilabad,Adilabad,Adilabad,Adilabad
Andhra Pradesh,Karimnagar,Karimnagar,Karimnagar,Karimnagar,Karimnagar,Karimnagar
Andhra Pradesh,Warangal,Warangal,Warangal,Warangal,Warangal,Warangal
Andhra Pradesh,Warangal,Khammam,Khammam,Khammam,Khammam,Khammam
Andhra Pradesh,Nalgonda,Nalgonda,Nalgonda,Nalgonda,Nalgonda,Nalgonda
Arunachal Pradesh,Balipara Frontier Tract,Kameng Frontier Division,Kameng,West Kameng,West Kameng,West Kameng
Arunachal Pradesh,Balipara Frontier Tract,Kameng Frontier Division,Kameng Frontier Division,Kameng Frontier Division,Tawang,Tawang
Arunachal Pradesh,Balipara Frontier Tract,Kameng Frontier Division,Kameng Frontier Division,East Kameng,East Kameng,East Kameng
Arunachal Pradesh,Balipara Frontier Tract,Subansiri Frontier Division,Subansiri,Lower Subansiri,Lower Subansiri,Lower Subansiri
Arunachal Pradesh,Balipara Frontier Tract,Subansiri Frontier Division,Subansiri Frontier Division,Subansiri Frontier Division,Subansiri Frontier Division,Papum Pare
Arunachal Pradesh,Balipara Frontier Tract,Subansiri Frontier Division,Subansiri Frontier Division,Subansiri Frontier Division,Upper Subansiri,Upper Subansiri
Arunachal Pradesh,Abor Hills,Siang Frontier Division,Siang,West Siang,West Siang,West Siang
Arunachal Pradesh,Abor Hills,Siang Frontier Division,Siang,Upper Subansiri,Upper Subansiri,Upper Subansiri
Arunachal Pradesh,Abor Hills,Siang Frontier Division,Siang,East Siang,East Siang,East Siang
Arunachal Pradesh,Abor Hills,Siang Frontier Division,Siang,East Siang,East Siang,Upper Siang
Arunachal Pradesh,Mishmi Hills,Lohit Frontier Division,Lohit,Lohit,Lohit,Lohit
Arunachal Pradesh,Mishmi Hills,Lohit Frontier Division,Lohit,Dibang Valley,Dibang Valley,Dibang Valley
Arunachal Pradesh,Tirap Frontier Tract,Tirap Frontier Division,Tirap,Tirap,Tirap,Tirap
Arunachal Pradesh,Tirap Frontier Tract,Tirap Frontier Division,Tirap,Tirap,Changlang,Changlang
Assam,Goalpara,Goalpara,Goalpara,Goalpara,Goalpara,Goalpara
Assam,Goalpara,Goalpara,Goalpara,Goalpara,Dhuburi,Dhuburi
Assam,Goalpara,Goalpara,Goalpara,Goalpara,Kokrajhar,Kokrajhar
Assam,Goalpara,Goalpara,Goalpara,Goalpara,Bongaigaon,Bongaigaon
Assam,Kamrup,Kamrup,Kamrup,Kamrup,Kamrup,Kamrup
Assam,Kamrup,Kamrup,Kamrup,Kamrup,Barpeta,Barpeta
Assam,Kamrup,Kamrup,Kamrup,Kamrup,Nalbari,Nalbari
Assam,Darrang,Darrang,Darrang,Darrang,Darrang,Darrang
Assam,Darrang,Darrang,Darrang,Darrang,Sonitpur,Sonitpur
Assam,Lakhimpur,Lakhimpur,Lakhimpur,Lakhimpur,Lakhimpur,Lakhimpur
Assam,Lakhimpur,Lakhimpur,Lakhimpur,Lakhimpur,Dhemaji,Dhemaji
Assam,Lakhimpur,Lakhimpur,Lakhimpur,Dibrugarh,Dibrugarh,Dibrugarh
Assam,Lakhimpur,Lakhimpur,Lakhimpur,Dibrugarh,Tinsukia,Tinsukia
Assam,Nowgong,Nowgong,Nowgong,Nowgong,Nagaon,Nagaon
Assam,Nowgong,Nowgong,Nowgong,Nowgong,Marigaon,Marigaon
Assam,Sibsagar,Sibsagar,Sibsagar,Sibsagar,Sibsagar,Sibsagar
Assam,Sibsagar,Sibsagar,Sibsagar,Sibsagar,Golaghat,Golaghat
Assam,Sibsagar,Sibsagar,Sibsagar,Sibsagar,Jorhat,Jorhat
Assam,Cachar,Cachar,Cachar,Cachar,Cachar,Cachar
Assam,Cachar,Cachar,Cachar,Cachar,Karimganj,Karimganj
Assam,Cachar,Cachar,Cachar,Cachar,Hailakandi,Hailakandi
Assam,United Mikir and North Cachar Hills,United Mikir and North Cachar Hills,Mikir Hills,Karbi Anglong,Karbi Anglong,Karbi Anglong
Assam,United Mikir and North Cachar Hills,United Mikir and North Cachar Hills,North Cachar Hills,North Cachar Hills,North Cachar Hills,North Cachar Hills
Assam,Garo Hills,Garo Hills,Garo Hills,East Garo Hills,East Garo Hills,East Garo Hills
Assam,Garo Hills,Garo Hills,Garo Hills,West Garo Hills,West Garo Hills,West Garo Hills
Assam,Garo Hills,Garo Hills,Garo Hills,Garo Hills,Garo Hills,South Garo Hills
Assam,United Khasi and Jaintia Hills,United Khasi and Jaintia Hills,United Khasi and Jaintia Hills,Jaintia Hills,Jaintia Hills,Jaintia Hills
Assam,United Khasi and Jaintia Hills,United Khasi and Jaintia Hills,United Khasi and Jaintia Hills,East Khasi Hills,East Khasi Hills,East Khasi Hills
Assam,United Khasi and Jaintia Hills,United Khasi and Jaintia Hills,United Khasi and Jaintia Hills,United Khasi and Jaintia Hills,United Khasi and Jaintia Hills,Ri Bhoi
Assam,United Khasi and Jaintia Hills,United Khasi and Jaintia Hills,United Khasi and Jaintia Hills,West Khasi Hills,West Khasi Hills,West Khasi Hills
Assam,Lushai Hills,Mizo Hills,Mizoram,Aizawl,Aizawl,Aizawl
Assam,Lushai Hills,Mizo Hills,Mizo Hills,Mizo Hills,Mizo Hills,Mamit
Assam,Lushai Hills,Mizo Hills,Mizo Hills,Mizo Hills,Mizo Hills,Kolasib
Assam,Lushai Hills,Mizo Hills,Mizo Hills,Mizo Hills,Mizo Hills,Champhai
Assam,Lushai Hills,Mizo Hills,Mizo Hills,Mizo Hills,Mizo Hills,Serchhip
Assam,Lushai Hills,Mizo Hills,Mizo Hills,Lunglei,Lunglei,Lunglei
Assam,Lushai Hills,Mizo Hills,Mizo Hills,Lunglei,Lunglei,Saiha
Assam,Lushai Hills,Mizo Hills,Mizo Hills,Mizo Hills,Mizo Hills,Lawngtlai
Bihar,Patna,Patna,Patna,Patna,Patna,Patna
Bihar,Patna,Patna,Patna,Nalanda,Nalanda,Nalanda
Bihar,Gaya,Gaya,Gaya,Gaya,Gaya,Gaya
Bihar,Gaya,Gaya,Gaya,Gaya,Jehanabad,Jehanabad
Bihar,Gaya,Gaya,Gaya,Nawada,Nawada,Nawada
Bihar,Gaya,Gaya,Gaya,Aurangabad,Aurangabad,Aurangabad
Bihar,Shahabad,Shahabad,Shahabad,Bhojpur,Bhojpur,Bhojpur
Bihar,Shahabad,Shahabad,Shahabad,Bhojpur,Bhojpur,Buxar
Bihar,Shahabad,Shahabad,Shahabad,Shahabad,Rohtas,Rohtas
Bihar,Shahabad,Shahabad,Shahabad,Shahabad,Rohtas,Kaimur (Bhabua)
Bihar,Saran,Saran,Saran,Saran,Saran,Saran
Bihar,Saran,Saran,Saran,Siwan,Siwan,Siwan
Bihar,Saran,Saran,Saran,Gopalganj,Gopalganj,Gopalganj
Bihar,Champaran,Champaran,Champaran,Purba Champaran,Purba Champaran,Purba Champaran
Bihar,Champaran,Champaran,Champaran,Pashchim Champaran,Pashchim Champaran,Pashchim Champaran
Bihar,Muzaffarpur,Muzaffarpur,Muzaffarpur,Muzaffarpur,Muzaffarpur,Muzaffarpur
Bihar,Muzaffarpur,Muzaffarpur,Muzaffarpur,Sitamarhi,Sitamarhi,Sitamarhi
Bihar,Muzaffarpur,Muzaffarpur,Muzaffarpur,Sitamarhi,Sitamarhi,Sheohar
Bihar,Muzaffarpur,Muzaffarpur,Muzaffarpur,Vaishali,Sitamarhi,Sheohar
Bihar,Darbhanga,Darbhanga,Darbhanga,Darbhanga,Darbhanga,Darbhanga
Bihar,Darbhanga,Darbhanga,Darbhanga,Samastipur,Samastipur,Samastipur
Bihar,Darbhanga,Darbhanga,Darbhanga,Madhudani,Madhudani,Madhudani
Bihar,Monghyr,Monghyr,Monghyr,Munger,Munger,Munger
Bihar,Monghyr,Monghyr,Monghyr,Monghyr,Monghyr,Lakhisaral
Bihar,Monghyr,Monghyr,Monghyr,Monghyr,Monghyr,Sheilkhpura
Bihar,Monghyr,Monghyr,Monghyr,Monghyr,Monghyr,Jamui
Bihar,Monghyr,Monghyr,Monghyr,Monghyr,Khagaria,Khagaria
Bihar,Monghyr,Monghyr,Monghyr,Begusarai,Begusarai,Begusarai
Bihar,Bhagalpur,Bhagalpur,Bhagalpur,Bhagalpur,Bhagalpur,Bhagalpur
Bihar,Bhagalpur,Bhagalpur,Bhagalpur,Bhagalpur,Bhagalpur,Banka
Bihar,Saharsa,Saharsa,Saharsa,Saharsa,Saharsa,Saharsa
Bihar,Saharsa,Saharsa,Saharsa,Saharsa,Saharsa,Supaul
Bihar,Saharsa,Saharsa,Saharsa,Saharsa,Madhepura,Madhepura
Bihar,Purnea,Purnea,Purnea,Purnea,Purnea,Purnea
Bihar,Purnea,Purnea,Purnea,Purnea,Araria,Araria
Bihar,Purnea,Purnea,Purnea,Purnea,Kishanganj,Kishanganj
Bihar,Purnea,Purnea,Purnea,Katihar,Katihar,Katihar
Bihar,Santal Parganas,Santal Parganas,Santal Parganas,Santal Parganas,Dumka,Dumka
Bihar,Santal Parganas,Santal Parganas,Santal Parganas,Santal Parganas,Dumka,Dumka
Bihar,Santal Parganas,Santal Parganas,Santal Parganas,Santal Parganas,Dumka,Dumka
Bihar,Santal Parganas,Santal Parganas,Santal Parganas,Santal Parganas,Santal Parganas,Psaukanj
Bihar,Santal Parganas,Santal Parganas,Santal Parganas,Santal Parganas,Deoghar,Deoghar
Bihar,Palamau,Palamau,Palamau,Palamau,Palamau,Palamau
Bihar,Palamau,Palamau,Palamau,Palamau,Palamau,Garhwdaj
Bihar,Hazaribagh,Hazaribagh,Hazaribagh,Hazaribagh,Hazaribagh,Hazaribagh
Bihar,Hazaribagh,Hazaribagh,Hazaribagh,Hazaribagh,Hazaribagh,Chatra
Bihar,Hazaribagh,Hazaribagh,Hazaribagh,Hazaribagh,Hazaribagh,Kodarma
Bihar,Hazaribagh,Hazaribagh,Hazaribagh,Giridih,Giridih,Giridih
Bihar,Hazaribagh,Hazaribagh,Hazaribagh,Hazaribagh,Hazaribagh,Bokaro
Bihar,Ranchi,Ranchi,Ranchi,Ranchi,Ranchi,Ranchi
Bihar,Ranchi,Ranchi,Ranchi,Ranchi,Lohardaga,Lohardaga
Bihar,Ranchi,Ranchi,Ranchi,Ranchi,Gumla,Gumla
Bihar,Dhanbad,Dhanbad,Dhanbad,Dhanbad,Dhanbad,Dhanbad
Bihar,Dhanbad,Dhanbad,Dhanbad,Dhanbad,Dhanbad,Bokaro
Bihar,Singhbhum,Singhbhum,Singhbhum,Singhbhum,Pashchimi Singhbhum,Pashchimi Singhbhum
Bihar,Singhbhum,Singhbhum,Singhbhum,Singhbhum,Purbi Singhbhum,Purbi Singhbhum
Chhatisgarh,Surguja,Surguja,Surguja,Surguja,Surguja,Surguja
Chhatisgarh,Surguja,Surguja,Surguja,Surguja,Surguja,Koriya
Chhatisgarh,Bilaspur,Bilaspur,Bilaspur,Bilaspur,Bilaspur,Bilaspur
Chhatisgarh,Bilaspur,Bilaspur,Bilaspur,Bilaspur,Bilaspur,Korba
Chhatisgarh,Bilaspur,Bilaspur,Bilaspur,Bilaspur,Bilaspur,Janjgir-Champa
Chhatisgarh,Bilaspur,Bilaspur,Bilaspur,Bilaspur,Bilaspur,Kawardha
Chhatisgarh,Raigarh,Raigarh,Raigarh,Raigarh,Raigarh,Raigarh
Chhatisgarh,Raigarh,Raigarh,Raigarh,Raigarh,Raigarh,Jashpur
Chhatisgarh,Durg,Durg,Durg,Durg,Durg,Durg
Chhatisgarh,Durg,Durg,Durg,Raj Nandgaon,Raj Nandgaon,Raj Nandgaon
Chhatisgarh,Durg,Durg,Durg,Raj Nandgaon,Raj Nandgaon,Kawardha
Chhatisgarh,Raipur,Raipur,Raipur,Raipur,Raipur,Raipur
Chhatisgarh,Raipur,Raipur,Raipur,Raipur,Raipur,Mahasmund
Chhatisgarh,Raipur,Raipur,Raipur,Raipur,Raipur,Dhamtari
Chhatisgarh,Bastar,Bastar,Bastar,Bastar,Bastar,Bastar
Chhatisgarh,Bastar,Bastar,Bastar,Bastar,Bastar,Dantewada
Chhatisgarh,Bastar,Bastar,Bastar,Bastar,Bastar,Kanker
Dadra and Nagar Haveli,,Dadra and Nagar Haveli,Dadra and Nagar Haveli,Dadra and Nagar Haveli,Dadra and Nagar Haveli,Dadra and Nagar Haveli
Delhi,Delhi,Delhi,Delhi,Delhi,Delhi,North West
Delhi,Delhi,Delhi,Delhi,Delhi,Delhi,North
Delhi,Delhi,Delhi,Delhi,Delhi,Delhi,North East
Delhi,Delhi,Delhi,Delhi,Delhi,Delhi,East
Delhi,Delhi,Delhi,Delhi,Delhi,Delhi,New Delhi
Delhi,Delhi,Delhi,Delhi,Delhi,Delhi,Central
Delhi,Delhi,Delhi,Delhi,Delhi,Delhi,West
Delhi,Delhi,Delhi,Delhi,Delhi,Delhi,South West
Delhi,Delhi,Delhi,Delhi,Delhi,Delhi,South
"Goa, Daman and Diu",PORTUGESE,Goa ,Goa,Goa,North Goa,North Goa
"Goa, Daman and Diu",PORTUGESE,Goa ,Goa,Goa,South Goa,South Goa
"Goa, Daman and Diu",PORTUGESE,Daman,Daman,Daman,Daman,Daman
"Goa, Daman and Diu",PORTUGESE,Diu,Diu,Diu,Diu,Diu
Gujarat,Halar,Jamnagar,Jamnagar,Jamnagar,Jamnagar,Jamnagar
Gujarat,Central Saurashtra,Rajkot,Rajkot,Rajkot,Rajkot,Rajkot
Gujarat,Zalawad,Surendranagar,Surendranagar,Surendranagar,Surendranagar,Surendranagar
Gujarat,Gohilwad,Bhavnagar,Bhavnagar,Bhavnagar,Bhavnagar,Bhavnagar
Gujarat,Amreli,Amreli,Amreli,Amreli,Amreli,Amreli
Gujarat,Sorath,Junagadh,Junagadh,Junagadh,Junagadh,Junagadh
Gujarat,Sorath,Junagadh,Junagadh,Junagadh,Junagadh,Portbandar
Gujarat,Kutch,Kutch,Kutch,Kutch,Kutch,Kutch
Gujarat,Banaskantha,Banaskantha,Banaskantha,Banaskantha,Banaskantha,Banas Kantha
Gujarat,Banaskantha,Banaskantha,Banaskantha,Banaskantha,Banaskantha,Patan
Gujarat,Sabarkantha,Sabarkantha,Sabarkantha,Sabarkantha,Sabarkantha,Sabarkantha
Gujarat,Mehsana,Mehsana,Mehsana,Mehsana,Mehsana,Mehsana
Gujarat,Mehsana,Mehsana,Gandhinagar,Gandhinagar,Gandhinagar,Gandhinagar
Gujarat,Mehsana,Mehsana,Gandhinagar,Gandhinagar,Gandhinagar,Patan
Gujarat,Ahmedabad,Ahmedabad,Ahmedabad,Ahmedabad,Ahmedabad,Ahmedabad
Gujarat,Ahmedabad,Ahmedabad,Gandhinagar,Gandhinagar,Gandhinagar,Gandhinagar
Gujarat,Kaira,Kaira,Kaira,Kaira,Kaira,Kheda
Gujarat,Kaira,Kaira,Kaira,Kaira,Kaira,Anand
Gujarat,Panch Mahals,Panchmahals,Panchmahals,Panchmahals,Panchmahals,Panch Mahals
Gujarat,Panch Mahals,Panchmahals,Panchmahals,Panchmahals,Panchmahals,Dohad
Gujarat,Baroda,Baroda,Baroda,Baroda,Baroda,Vadodara
Gujarat,Baroda,Baroda,Baroda,Baroda,Baroda,Narmada
Gujarat,Broach,Broach,Broach,Broach,Broach,Bharuch
Gujarat,Broach,Broach,Broach,Broach,Broach,Narmada
Gujarat,Surat,Surat,Surat,Surat,Surat,Surat
Gujarat,Surat,Surat,Valsad,Valsad,Valsad,Valsad
Gujarat,Surat,Surat,Valsad,Valsad,Valsad,Navsari
Gujarat,Dangs,Dangs,The Dangs,The Dangs,The Dangs,The Dangs
Himachal Pradesh,Chamba,Chamba,Chamba,Chamba,Chamba,Chamba
Himachal Pradesh,Mandi,Mandi,Mandi,Shimla,Shimla,Shimla
Himachal Pradesh,Beelaspur,Bilaspur,Bilaspur,Bilaspur,Bilaspur,Bilaspur
Himachal Pradesh,Mahasu,Mahasu,Mahasu,Shimla,Shimla,Shimla
Himachal Pradesh,Sirmoor,Sirmur,Sirmur,Sirmur,Sirmur,Sirmur
Himachal Pradesh,Mahasu,Kinnaur,Kinnaur,Kinnaur,Kinnaur,Kinnaur
Himachal Pradesh,Simla,NA,Simla,Shimla,Shimla,Shimla
Himachal Pradesh,Simla,NA,Simla,Solan,Solan,Solan
Himachal Pradesh,Kangra,NA,Kangra,Kangra,Kangra,Kangra
Himachal Pradesh,Kangra,NA,Kangra,Hamirpur,Hamirpur,Hamirpur
Himachal Pradesh,Kangra,NA,Kangra,Una,Una,Una
Himachal Pradesh,,NA,Kulu,Kulu,Kulu,Kulu
Himachal Pradesh,Kangra,NA,Lahaul And Spiti,Lahaul And Spiti,Lahaul And Spiti,Lahaul And Spiti
Jammu and Kashmir,Jammu and Kashmir,Anantnag,Anantnag,Anantnag,Anantnag,Anantnag
Jammu and Kashmir,Jammu and Kashmir,Anantnag,Anantnag,Pulwama,Pulwama,Pulwama
Jammu and Kashmir,Jammu and Kashmir,Srinagar,Srinagar,Srinagar,Srinagar,Srinagar
Jammu and Kashmir,Jammu and Kashmir,Srinagar,Srinagar,Badgam,Badgam,Badgam
Jammu and Kashmir,Jammu and Kashmir,Baramulla,Baramulla,Baramula,Baramula,Baramula
Jammu and Kashmir,Jammu and Kashmir,Baramulla,Baramulla,Kupwara,Kupwara,Kupwara
Jammu and Kashmir,Jammu and Kashmir,Ladakh,Ladakh,Ladakh,Ladakh,Leh
Jammu and Kashmir,Jammu and Kashmir,Ladakh,Ladakh,Kargil,Kargil,Kargil
Jammu and Kashmir,Jammu and Kashmir,Doda,Doda,Doda,Doda,Doda
Jammu and Kashmir,Jammu and Kashmir,Udhampur,Udhampur,Udhampur,Udhampur,Udhampur
Jammu and Kashmir,Jammu and Kashmir,Jammu,Jammu,Jammu,Jammu,Jammu
Jammu and Kashmir,Jammu and Kashmir,Kathua,Kathua,Kathua,Kathua,Kathua
Jammu and Kashmir,Jammu and Kashmir,Poonch,Punch,Punch,Punch,Punch
Jammu and Kashmir,Jammu and Kashmir,Poonch,Rajauri,Rajauri,Rajauri,Rajauri
Kerala,Malabar,Cannanore,Cannanore,Cannanore,Kannur,Kannur
Kerala,Malabar,Cannanore,Cannanore,Cannanore,Kasaragod,Kasaragod
Kerala,Malabar,Cannanore,Cannanore,Wayanad,Wayanad,Wayanad
Kerala,Malabar,Kozhikode,Kozhikode,Kozhikode,Kozhikode,Kozhikode
Kerala,Malabar,Kozhikode,Kozhikode, Wayanad, Wayanad, Wayanad
Kerala,Malabar,Kozhikode,Malappuram,Malappuram,Malappuram,Malappuram
Kerala,Malabar,Palghat,Palghat,Palghat,Palghat,Palghat
Kerala,Trichur,Trichur,Trichur,Trichur,Trichur,Trichur
Kerala,Kottayam,Ernakulam,Ernakulam,Ernakulam,Ernakulam,Ernakulam
Kerala,Kottayam,Ernakulam,Ernakulam, Ldukki, Ldukki, Ldukki
Kerala,Kottayam,Kottayam,Kottayam,Kottayam,Kottayam,Kottayam
Kerala,Kottayam,Kottayam,Kottayam,Idukki,Idukki,Idukki
Kerala,Quilon,Alleppey,Alleppey,Alleppey,Alleppey,Alleppey
Kerala,Quilon,Quilon,Quilon,Quilon,Kollam,Kollam
Kerala,Quilon,Quilon,Quilon,Quilon,Pathanamthitta,Pathanamthitta
Kerala,Trivandrum,Trivandrum,Trivandrum,Trivandrum,Thiruvananthapuram,Thiruvananthapuram
"Laccadive, Minicoy and Amindivi Islands",Malabar,"Laccadive, Minicoy and Amindivi Islands","Laccadive, Minicoy and Amindivi Islands",Lakshadweep,Lakshadweep,Lakshadweep
Madhya Pradesh,Morena,Morena,Morena,Morena,Morena,Morena
Madhya Pradesh,Morena,Morena,Morena,Morena,Morena,Sheopur
Madhya Pradesh,Bhind,Bhind,Bhind,Bhind,Bhind,Bhind
Madhya Pradesh,Gird,Gwalior,Gwalior,Gwalior,Gwalior,Gwalior
Madhya Pradesh,Datia,Datia,Datia,Datia,Datia,Datia
Madhya Pradesh,Shivpuri,Shivpuri,Shivpuri,Shivpuri,Shivpuri,Shivpuri
Madhya Pradesh,Goona,Guna,Guna,Guna,Guna,Guna
Madhya Pradesh,Tikamgarh,Tikamgarh,Tikamgarh,Tikamgarh,Tikamgarh,Tikamgarh
Madhya Pradesh,Chhatarpur,Chhatarpur,Chhatarpur,Chhatarpur,Chhatarpur,Chhatarpur
Madhya Pradesh,Panna,Panna,Panna,Panna,Panna,Panna
Madhya Pradesh,Satna,Satna,Satna,Satna,Satna,Satna
Madhya Pradesh,Rewa,Rewa,Rewa,Rewa,Rewa,Rewa
Madhya Pradesh,Shahdol,Shahdol,Shahdol,Shahdol,Shahdol,Shahdol
Madhya Pradesh,Shahdol,Shahdol,Shahdol,Shahdol,Shahdol,Umaria
Madhya Pradesh,Sidhi,Sidhi,Sidhi,Sidhi,Sidhi,Sidhi
Madhya Pradesh,Mandsaur,Mandsaur,Mandsaur,Mandsaur,Mandsaur,Mandsaur
Madhya Pradesh,Mandsaur,Mandsaur,Mandsaur,Mandsaur,Mandsaur,Neemuch
Madhya Pradesh,Ratlam,Ratlam,Ratlam,Ratlam,Ratlam,Ratlam
Madhya Pradesh,Ujjain,Ujjain,Ujjain,Ujjain,Ujjain,Ujjain
Madhya Pradesh,Jhabua,Jhabua,Jhabua,Jhabua,Jhabua,Jhabua
Madhya Pradesh,Dhar,Dhar,Dhar,Dhar,Dhar,Dhar
Madhya Pradesh,Indore,Indore,Indore,Indore,Indore,Indore
Madhya Pradesh,Dewas,Dewas,Dewas,Dewas,Dewas,Dewas
Madhya Pradesh,Nimar,West Nimar,Khargone,West Nimar,West Nimar,West Nimar
Madhya Pradesh,Nimar,West Nimar,Khargone,West Nimar,West Nimar,Barwani
Madhya Pradesh,Nimar,East Nimar,Khandwa,East Nimar,East Nimar,East Nimar
Madhya Pradesh,Shajapur,Shajapur,Shajapur,Shajapur,Shajapur,Shajapur
Madhya Pradesh,Rajgarh,Rajgarh,Rajgarh,Rajgarh,Rajgarh,Rajgarh
Madhya Pradesh,Bhilsa,Vidisha,Vidisha,Vidisha,Vidisha,Vidisha
Madhya Pradesh,Sehore,Sehore,Sehore,Sehore,Sehore,Sehore
Madhya Pradesh,Sehore,Sehore,Sehore,Bhopal,Sehore,Sehore
Madhya Pradesh,Raisen,Raisen,Raisen,Raisen,Raisen,Raisen
Madhya Pradesh,Hoshangabad,Hoshangabad,Hoshangabad,Hoshangabad,Hoshangabad,Hoshangabad
Madhya Pradesh,Hoshangabad,Hoshangabad,Hoshangabad,Hoshangabad,Hoshangabad,Harda
Madhya Pradesh,Betul,Betul,Betul,Betul,Betul,Betul
Madhya Pradesh,Sagar,Sagar,Sagar,Sagar,Sagar,Sagar
Madhya Pradesh,Sagar,Damoh,Damoh,Damoh,Damoh,Damoh
Madhya Pradesh,Jabalpur,Jabalpur,Jabalpur,Jabalpur,Jabalpur,Jabalpur
Madhya Pradesh,Jabalpur,Jabalpur,Jabalpur,Jabalpur,Jabalpur,Katni
Madhya Pradesh,Hoshangabad,Narsimahapur,Narsimahapur,Narsimahapur,Narsimahapur,Narsimahapur
Madhya Pradesh,Mandla,Mandla,Mandla,Mandla,Mandla,Mandla
Madhya Pradesh,Mandla,Mandla,Mandla,Mandla,Mandla,Dindori
Madhya Pradesh,Chhindwara,Chhindwara,Chhindwara,Chhindwara,Chhindwara,Chhindwara
Madhya Pradesh,Chhindwara,Seoni,Seoni,Seoni,Seoni,Seoni
Madhya Pradesh,Balaghat,Balaghat,Balaghat,Balaghat,Balaghat,Balaghat
Madras,Madras,Madras,Madras,Madras,Madras,chennai
Madras,Chingleput,Chingleput,Chingleput,Chingleput,Chingleput,Kancheepuram
Madras,Chingleput,Chingleput,Chingleput,Chingleput,Chingleput,Thiruvallur
Madras,North Arcot,North Arcot,North Arcot,North Arcot,North Arcot Ambedkar,Vellore
Madras,North Arcot,North Arcot,North Arcot,North Arcot,Triuvannamalai Sam-,Triuvannamalai Sam-
Madras,North Arcot,North Arcot,North Arcot,North Arcot,buvarayar,Tiruvanamalai
Madras,South Arcot,South Arcot,South Arcot,South Arcot,South Arcot,Cuddalore
Madras,South Arcot,South Arcot,South Arcot,South Arcot,South Arcot,Viluppuram
Madras,Salem,Salem,Salem,Salem,Salem,Salem
Madras,Salem,Salem,Salem,Salem,Salem,Namakkal
Madras,Salem,Salem,Dharmapuri,Dharmapuri,Dharmapuri,Dharmapuri
Madras,Coimbatore,Coimbatore,Coimbatore,Coimbatore,Coimbatore,Coimbatore
Madras,Coimbatore,Coimbatore,Coimbatore,Periyar,Periyar,Erode
Madras,Nilgiris,Nilgiri,Nilgiri,Nilgiri,Nilgiri,The Nilgiris
Madras,Madurai,Madurai,Madurai,Madurai,Madurai,Madurai
Madras,Madurai,Madurai,Madurai,Madurai,Madurai,Theni
Madras,Madurai,Madurai,Madurai,Madurai,Dindigul Anna,Dindigul
Madras,Tiruchirapalli,Tiruchirapalli,Tiruchirapalli,Tiruchirapalli,Tiruchirapalli,Tiruchirappalli
Madras,Tiruchirapalli,Tiruchirapalli,Tiruchirapalli,Tiruchirapalli,Tiruchirapalli,Karur
Madras,Tiruchirapalli,Tiruchirapalli,Tiruchirapalli,Tiruchirapalli,Tiruchirapalli,Perambalur
Madras,Tiruchirapalli,Tiruchirapalli,Tiruchirapalli,Tiruchirapalli,Tiruchirapalli,Ariyalur
Madras,Tiruchirapalli,Tiruchirapalli,Tiruchirapalli,Pudukkottia,Pudukkottia,Pudukkottia
Madras,Tanjore,Thanjavur,Thanjavur,Thanjavur,Thanjavur,Thanjavur
Madras,Tanjore,Thanjavur,Thanjavur,Thanjavur,Thanjavur,Nagapattinam
Madras,Tanjore,Thanjavur,Thanjavur,Thanjavur,Thanjavur,Thiruvarur
Madras,Ramanathapuram,Ramanthapuram,Ramanthapuram,Ramanthapuram,Ramanathapuram,Ramanathapuram
Madras,Ramanathapuram,Ramanthapuram,Ramanthapuram,Ramanthapuram,Pasumpon Muthura,Pasumpon Muthura
Madras,Ramanathapuram,Ramanthapuram,Ramanthapuram,Ramanthapuram,Malinge Thevar,Sivaganga
Madras,Ramanathapuram,Ramanthapuram,Ramanthapuram,Ramanthapuram,Kamarajar,Virudhunagar
Madras,Tirunelveli,Tiruneleveli,Tiruneleveli,Tiruneleveli,Tirunelveli Kattabomman,Tirunelveli
Madras,Tirunelveli,Tiruneleveli,Tiruneleveli,Tiruneleveli,Chidambaranar,Toothukudi
Madras,Tirunelveli,Kanyakumari,Kanyakumari,Kanyakumari,Kanyakumari,Kanyakumari
Madras,Tirunelveli,Kanyakumari,Kanyakumari,Kanyakumari,Kanyakumari,Kanyakumari
Maharastra,Greater Bombay,Greater Bombay,Greater Bombay,Greater Bombay,Greater Bombay,Mumbai 
Maharastra,Greater Bombay,Greater Bombay,Greater Bombay,Greater Bombay,Greater Bombay,Mumbai (Suburban)
Maharastra,Thana,Thana,Thana,Thana,Thana,Thana
Maharastra,Kolaba,Kolaba,Kolaba,Raigarh,Raigarh,Raigarh
Maharastra,Ratnagiri,Ratnagiri,Ratnagiri,Ratnagiri,Ratnagiri,Ratnagiri
Maharastra,Ratnagiri,Ratnagiri,Ratnagiri,Ratnagiri,Sindhudurg,Sindhudurg
Maharastra,Nasik,Nasik,Nasik,Nasik,Nasik,Nasik
Maharastra,West Khandesh,Dhulia,Dhulia,Dhulia,Dhulia,Dhule
Maharastra,West Khandesh,Dhulia,Dhulia,Dhulia,Dhulia,Nandurbar
Maharastra,East Khandesh,Jalgoan,Jalgoan,Jalgoan,Jalgoan,Jalgoan
Maharastra,Ahmed nagar,Ahmadnager,Ahmadnager,Ahmadnager,Ahmadnager,Ahmadnager
Maharastra,Poona,Poona,Poona,Poona,Poona,Poona
Maharastra,Satara North,Satara,Satara,Satara,Satara,Satara
Maharastra,Satara South,Sangli,Sangli,Sangli,Sangli,Sangli
Maharastra,Sholapur,Sholapur,Sholapur,Sholapur,Sholapur,Sholapur
Maharastra,Kolhapur,Kolhapur,Kolhapur,Kolhapur,Kolhapur,Kolhapur
Maharastra,Aurangabad,Aurangabad,Aurangabad,Aurangabad,Aurangabad,Aurangabad
Maharastra,Aurangabad,Aurangabad,Aurangabad,Aurangabad,Jalna,Jalna
Maharastra,Parbhani,Parbhani,Parbhani,Parbhani,Parbhani,Parbhani
Maharastra,Parbhani,Parbhani,Parbhani,Parbhani,Parbhani,Hingoli
Maharastra,Parbhani,Parbhani,Parbhani,Parbhani, Jalna, Jalna
Maharastra,Bhir,Bhir,Bhir,Bhir,Bid,Bid
Maharastra,Bhir,Bhir,Bhir,Bhir, Latur, Latur
Maharastra,Nanded,Nanded,Nanded,Nanded,Nanded,Nanded
Maharastra,Osmanabad,Osmanabad,Osmanabad,Osmanabad,Osmanabad,Osmanabad
Maharastra,Osmanabad,Osmanabad,Osmanabad,Osmanabad,Latur,Latur
Maharastra,Buldana,Buldhana,Buldhana,Buldhana,Buldhana,Buldhana
Maharastra,Akola,Akola,Akola,Akola,Akola,Akola
Maharastra,Akola,Akola,Akola,Akola,Akola,Washim
Maharastra,Amravati,Amravati,Amravati,Amravati,Amravati,Amravati
Maharastra,Yeotmal,Yeotmal,Yeotmal,Yeotmal,Yeotmal,Yeotmal
Maharastra,Wardha,Wardha ,Wardha ,Wardha ,Wardha ,Wardha 
Maharastra,Nagpur,Nagpur,Nagpur,Nagpur,Nagpur,Nagpur
Maharastra,Bhandara,Bhandara,Bhandara,Bhandara,Bhandara,Bhandara
Maharastra,Bhandara,Bhandara,Bhandara,Bhandara,Bhandara,Gondiya
Maharastra,Chanda,Chanda,Chandrapur,Chandrapur,Chandrapur,Chandrapur
Maharastra,Chanda,Chanda,Chanda,Chanda,Gadchiroli,Gadchiroli
Manipur,Manipur,Manipur,Manipur Central,Manipur Central,Imphal,Imphal West
Manipur,Manipur,Manipur,Manipur,Manipur,Manipur,Imphal East
Manipur,Manipur,Manipur,Manipur,Manipur,Thoubal,Thoubal
Manipur,Manipur,Manipur,Manipur,Manipur,Bishnupur,Bishnupur
Manipur,Manipur,Manipur,Manipur,Tengnoupal,Chandel,Chandel
Manipur,Manipur,Manipur,Manipur North,Manipur North,Senapati,Senapati
Manipur,Manipur,Manipur,Manipur West,Manipur West,Tamenglong,Tamenglong
Manipur,Manipur,Manipur,Manipur South,Manipur South,Churachandpurq,Churachandpur
Manipur,Manipur,Manipur,Manipur East,Manipur East,Ukhrul,Ukhrul
Mysore,Bangalore,Bangalore,Bangalore,Bangalore,Bangalore,Bangalore
Mysore,Bangalore,Bangalore,Bangalore,Bangalore,Bangalore Rural,Bangalore Rural
Mysore,Tumkur,Tumkur,Tumkur,Tumkur,Tumkur,Tumkur
Mysore,Chitaldrug,Chitradurga,Chitradurga,Chitradurga,Chitradurga,Chitradurga
Mysore,Chitaldrug,Chitradurga,Chitradurga,Chitradurga,Chitradurga,Davanagera
Mysore, Kolar,Kolar,Kolar,Kolar,Kolar,Kolar
Mysore,Bellary,Bellary,Bellary,Bellary,Bellary,Bellary
Mysore,Bellary,Bellary,Bellary,Bellary,Bellary, Davanagere
Mysore,Mysore,Mysore,Mysore,Mysore,Mysore,Mysore
Mysore,Mysore,Mysore,Mysore,Mysore,Mysore,Chamarajanagar
Mysore,South Kanara,South Kanara,South Kanara,South Kanara,South Kanara,Dakshina Kannada
Mysore,South Kanara,South Kanara,South Kanara,South Kanara,South Kanara,Udupi
Mysore,Coorg,Coorg,Coorg,Kodagu,Kodagu,Kodagu
Mysore,Hassan,Hassan,Hassan,Hassan,Hassan,Hassan
Mysore,Shimoga,Shimoga,Shimoga,Shimoga,Shimoga,Shimoga
Mysore,Shimoga,Shimoga,Shimoga,Shimoga,Shimoga, Davanagere
Mysore,Chikmagalur,Chikmagalur,Chikmagalur,Chikmagalur,Chikmagalur,Chikmagalur
Mysore,Mandya,Mandya,Mandya,Mandya,Mandya,Mandya
Mysore,Belgaum,Belgaum,Belgaum,Belgaum,Belgaum,Belgaum
Mysore,Bijapur,Bijapur,Bijapur,Bijapur,Bijapur,Bijapur
Mysore,Bijapur,Bijapur,Bijapur,Bijapur,Bijapur,Bagalkot
Mysore,Dharwar,North Kanara,North Kanara,North Kanara,North Kanara,Uttara Kannada
Mysore,Dharwar,Dharwar,Dharwar,Dharwar,Dharwar,Dharwar
Mysore,Dharwar,Dharwar,Dharwar,Dharwar,Dharwar,Gadag
Mysore,Dharwar,Dharwar,Dharwar,Dharwar,Dharwar,Haveri
Mysore,Gulbarga,Gulbarga,Gulbarga,Gulbarga,Gulbarga,Gulbarga
Mysore,Bidar,Bidar,Bidar,Bidar,Bidar,Bidar
Mysore,Raichur,Raichur,Raichur,Raichur,Raichur,Raichur
Mysore,Raichur,Raichur,Raichur,Raichur,Raichur,Koppal
Nagaland,Naga Hills,Kohima,Kohima,Kohima,Kohima,Kohima
Nagaland,Naga Hills,Kohima,Kohima,Kohima,Kohima,Dimapur
Nagaland,Naga Hills,Kohima,Kohima,Phek,Phek,Phek
Nagaland,Tuensang,Mokokchung,Mokokchung,Mokokchung,Mokokchung,Mokokchung
Nagaland,Tuensang,Mokokchung,Mokokchung,Wokha,Mokokchung,Mokokchung
Nagaland,Tuensang,Mokokchung,Mokokchung,Zunheboto,Zunheboto,Zunheboto
Nagaland,Tuensang,Tuensang,Tuensang,Tuensang,Tuensang,Tuensang
Nagaland,Tuensang,Tuensang,Tuensang,Mon,Mon,Mon
Orissa,Kalahandi,Kalahandi,Kalahandi,Kalahandi,Kalahandi,Kalahandi
Orissa,Kalahandi,Kalahandi,Kalahandi,Kalahandi,Kalahandi,Nuapada
Orissa,Koraput,Koraput,Koraput,Koraput,Koraput,Koraput
Orissa,Koraput,Koraput,Koraput,Koraput,Koraput,Rayagada
Orissa,Koraput,Koraput,Koraput,Koraput,Koraput,Nabarangapur
Orissa,Koraput,Koraput,Koraput,Koraput,Koraput,Malkangiri
Orissa,Sambalpur,Sambalpur,Sambalpur,Sambalpur,Sambalpur,Sambalpur
Orissa,Sambalpur,Sambalpur,Sambalpur,Sambalpur,Sambalpur,Baragarh
Orissa,Sambalpur,Sambalpur,Sambalpur,Sambalpur,Sambalpur,Jharsuguda
Orissa,Sambalpur,Sambalpur,Sambalpur,Sambalpur,Sambalpur,Debagarh
Orissa,Bolangir,Bolangir,Bolangir,Bolangir,Bolangir,Balangir
Orissa,Bolangir,Bolangir,Bolangir,Bolangir,Bolangir,Sonapur
Orissa,Phulbani,Baudh Khondmals,Baudh Khondmals,Phulabani,Phulabani,Kandhamal
Orissa,Phulbani,Baudh Khondmals,Baudh Khondmals,Baudh Khondmals,Baudh Khondmals,Baudh
Orissa,Ganjam,Ganjam,Ganjam,Ganjam,Ganjam,Baudh
Orissa,Ganjam,Ganjam,Ganjam,Ganjam,Ganjam,Ganjam
Orissa,Sundargarh,Sundargarh,Sundargarh,Sundargarh,Sundargarh,Sundargarh
Orissa,Dhenkanal,Dhenkanal,Dhenkanal,Dhenkanal,Dhenkanal,Dhenkanal
Orissa,Dhenkanal,Dhenkanal,Dhenkanal,Dhenkanal,Dhenkanal,Anugul
Orissa,Puri,Puri,Puri,Puri,Puri,Puri
Orissa,Puri,Puri,Puri,Puri,Puri,Nayagarh
Orissa,Puri,Puri,Puri,Puri,Puri,Khordha
Orissa,Keonjhar,Keonjhar,Keonjhar,Keonjhar,Keonjhar,Keonjhar
Orissa,Cuttack,Cuttack,Cuttack,Cuttack,Cuttack,Cuttack
Orissa,Cuttack,Cuttack,Cuttack,Cuttack,Cuttack,Kendrapara
Orissa,Cuttack,Cuttack,Cuttack,Cuttack,Cuttack,Jagatsinghapur
Orissa,Cuttack,Cuttack,Cuttack,Cuttack,Cuttack,Jajapur
Orissa,Mayurbhanj,Mayurbhanj,Mayurbhanj,Mayurbhanj,Mayurbhanj,Mayurbhanj
Orissa,Balasore,Balasore,Balasore,Baleshwar,Baleshwar,Baleshwar
Orissa,Balasore,Balasore,Balasore,Baleshwar,Baleshwar,Bhadrak
Pondicherry,FRENCH,Pondicherry,Pondicherry,Pondicherry,Pondicherry,Pondicherry
Pondicherry,FRENCH,Pondicherry,Pondicherry,Pondicherry,Pondicherry,Pondicherry
Pondicherry,FRENCH,Karaikal,Karaikal,Karaikal,Karaikal,Karaikal
Pondicherry,FRENCH,Maha,Maha,Maha,Maha,Maha
Pondicherry,FRENCH,Yanam,Yanam,Yanam,Yanam,Yanam
Pondicherry,FRENCH,Yanam,Yanam,Yanam,Yanam,Yanam
Punjab,Gurdaspur,Gurdaspur,Gurdaspur,Gurdaspur,Gurdaspur,Gurdaspur
Punjab,Amritsar,Amritsar,Amritsar,Amritsar,Amritsar,Amritsar
Punjab,Ferozepur,Ferozepur,Ferozepur,Firozpur,Firozpur,Firozpur
Punjab,Ferozepur,Ferozepur,Ferozepur,Firozpur,Firozpur,Moga
Punjab,Ferozepur,Ferozepur,Ferozepur,Faridkot,Faridkot,Faridkot
Punjab,Ferozepur,Ferozepur,Ferozepur,Faridkot,Faridkot,Muktsar
Punjab,Ferozepur,Ferozepur,Ferozepur,Faridkot,Faridkot,Moga
Punjab,Ludhiana,Ludhiana,Ludhiana,Ludhiana,Ludhiana,Ludhiana
Punjab,Ludhiana,Ludhiana,Ludhiana,Ludhiana,Ludhiana,Fatehgarh Sahib
Punjab,Jullundur,Jullundur,Jullundur,Jullundur,Jullundur,Jalandhar
Punjab,Jullundur,Jullundur,Jullundur,Jullundur,Jullundur,Nawanshahr
Punjab,Kapurthala,Kapurthala,Kapurthala,Kapurthala,Kapurthala,Kapurthala
Punjab,Hoshiarpur,Hoshiarpur,Hoshiarpur,Hoshiarpur,Hoshiarpur,Hoshiarpur
Punjab,Hoshiarpur,Hoshiarpur,Hoshiarpur,Hoshiarpur,Hoshiarpur,Nawanshahr
Punjab,Bhatinda,Bhatinda,Bhatinda,Bhatinda,Bhatinda,Bhatinda
Punjab,Bhatinda,Bhatinda,Bhatinda,Bhatinda,Bhatinda,Mansa
Punjab,Bhatinda,Bhatinda,Bhatinda,Faridkot,NA,NA
Punjab,Sangrur,Sangrur,Sangrur,Sangrur,Sangrur,Sangrur
Punjab,Sangrur,Sangrur,Jind,NA,NA,NA
Punjab,Patiala,Patiala,Patiala,Patiala,Patiala,Patiala
Punjab,Patiala,Patiala,Fatehgarh Sahib,Fatehgarh Sahib,Fatehgarh Sahib,Fatehgarh Sahib
Punjab,Patiala,Patiala,Ropar,Rupnagar,Rupnagar,Rupnagar
Punjab,Patiala,Patiala,Chandigarh,Chandigarh,Chandigarh,Chandigarh
Punjab,Patiala,Patiala,Chandigarh,Chandigarh,Chandigarh,Chandigarh
Punjab,Patiala,Patiala,Haryana,Haryana,Haryana,Haryana
Punjab,Ambala,Ambala,Ambala,Ambala,Ambala,Ambala
Punjab,Ambala,Ambala,Ambala,Ambala,Ambala,Panchkula
Punjab,Ambala,Ambala,Ambala,Ambala,Yamunanagar,Yamunanagar
Punjab,Hissar,Hissar,Hissar,Hisar,Hisar,Hisar
Punjab,Hissar,Hissar,Hissar,Hissar,Hissar,Fatehgarh
Punjab,Hissar,Hissar,Hissar,Bhiwani,Bhiwani,Bhiwani
Punjab,Hissar,Hissar,Hissar,Sirsa,Sirsa,Sirsa
Punjab,Rohtak,Rohtak,Rohtak,Rohtak,Rohtak,Rohtak
Punjab,Rohtak,Rohtak,Rohtak,Rohtak,Rohtak,Jhajjar
Punjab,Rohtak,Rohtak,Rohtak,Sonipat,Sonipat,Sonipat
Punjab,Gurgaon,Gurgaon,Gurgaon,Gurgaon,Gurgaon,Gurgaon
Punjab,Gurgaon,Gurgaon,Gurgaon,Faridabad,Faridabad,Faridabad
Punjab,Karnal,Karnal,Karnal,Karnal,Karnal,Karnal
Punjab,Karnal,Karnal,Karnal,Karnal,Panipat,Panipat
Punjab,Karnal,Karnal,Karnal,Kurukshetra,Kurukshetra,Kurukshetra
Punjab,Karnal,Karnal,Karnal,Karnal,Kaithal,Kaithal
Punjab,Mohindergarh,Mahendragarh,Mahendragarh,Mahendragarh,Mahendragarh,Mahendragarh
Punjab,Mohindergarh,Mahendragarh,Mahendragarh,Mahendragarh,Rewari,Rewari
Punjab,Mohindergarh,Mahendragarh,Jind,Jind,Jind,Jind
Punjab,Simla,Simla,NA,NA,NA,NA
Punjab,Kangra,Kangra,NA,NA,NA,NA
Punjab,Kangra,Kangra,NA,NA,NA,NA
Punjab,Kangra,Lahaul And Spiti,NA,NA,NA,NA
Rajasthan,Ganganagar,Ganganagar,Ganganagar,Ganganagar,Ganganagar,Ganganagar
Rajasthan,Ganganagar,Ganganagar,Ganganagar,Ganganagar,Ganganagar,Hanumangart
Rajasthan,Bikaner,Bikaner,Bikaner,Bikaner,Bikaner,Bikaner
Rajasthan,Churu,Churu,Churu,Churu,Churu,Churu
Rajasthan,Jhunjhunu,Jhunjhunu,Jhunjhunu,Jhunjhunu,Jhunjhunu,Jhunjhunu
Rajasthan,Alwar,Alwar,Alwar,Alwar,Alwar,Alwar
Rajasthan,Bharatpur,Bharatpur,Bharatpur,Bharatpur,Bharatpur,Bharatpur
Rajasthan,Bharatpur,Bharatpur,Bharatpur,Bharatpur,Dhaulpur,Dhaulpur
Rajasthan,Swai Madhopur,Sawai Madhopur,Sawai Madhopur,Sawai Madhopur,Sawai Madhopur,Sawai Madhopur
Rajasthan,Swai Madhopur,Sawai Madhopur,Sawai Madhopur,Sawai Madhopur,Sawai Madhopur,Karauli
Rajasthan,Jaipur,Jaipur,Jaipur,Jaipur,Jaipur,Jaipur
Rajasthan,Jaipur,Jaipur,Jaipur,Jaipur,Jaipur,Dausa
Rajasthan,Sikar,Sikar,Sikar,Sikar,Sikar,Sikar
Rajasthan,Ajmer,Ajmer,Ajmer,Ajmer,Ajmer,Ajmer
Rajasthan,Tonk,Tonk,Tonk,Tonk,Tonk,Tonk
Rajasthan,Jaisalmer,Jaisalmer,Jaisalmer,Jaisalmer,Jaisalmer,Jaisalmer
Rajasthan,Jodhpur,Jodhpur,Jodhpur,Jodhpur,Jodhpur,Jodhpur
Rajasthan,Nagaur,Nagaur,Nagaur,Nagaur,Nagaur,Nagaur
Rajasthan,Pali,Pali,Pali,Pali,Pali,Pali
Rajasthan,Barmer,Barmer,Barmer,Barmer,Barmer,Barmer
Rajasthan,Jalore,Jalor,Jalor,Jalor,Jalor,Jalor
Rajasthan,Sirohi,Sirohi,Sirohi,Sirohi,Sirohi,Sirohi
Rajasthan,Bhilwara,Bhilwara,Bhilwara,Bhilwara,Bhilwara,Bhilwara
Rajasthan,Udaipur,Udaipur,Udaipur,Udaipur,Udaipur,Udaipur
Rajasthan,Udaipur,Udaipur,Udaipur,Udaipur,Udaipur,Rajsamand
Rajasthan,Chittorgarh,Chitorgarh,Chitorgarh,Chitorgarh,Chitorgarh,Chitorgarh
Rajasthan,Dungarpur,Dungarpur,Dungarpur,Dungarpur,Dungarpur,Dungarpur
Rajasthan,Banswara,Banswara,Banswara,Banswara,Banswara,Banswara
Rajasthan,Bundi,Bundi,Bundi,Bundi,Bundi,Bundi
Rajasthan,Kotah,Kota,Kota,Kota,Kota,Kota
Rajasthan,Kotah,Kota,Kota,Kota,Kota,Baran
Sikkim,Sikkim,Sikkim,Sikkim,East District,East District,East
Sikkim,Sikkim,Sikkim,Sikkim,North District,North District,North
Sikkim,Sikkim,Sikkim,Sikkim,South District,South District,South
Sikkim,Sikkim,Sikkim,Sikkim,West District,West District,West
Tripura,Tripura,Tripura,West Tripura,West Tripura,West Tripura,West Tripura
Tripura,Tripura,Tripura,North Tripura,North Tripura,North Tripura,North Tripura
Tripura,Tripura,Tripura,Tripura,Tripura,Tripura,Dhalai
Tripura,Tripura,Tripura,South Tripura,South Tripura,South Tripura,South Tripura
Uttar Pradesh,Bijnor,Bijnor,Bijnor,Bijnor,Bijnor,Bijnor
Uttar Pradesh,Moradabad,Moradabad,Moradabad,Moradabad,Moradabad,Moradabad
Uttar Pradesh,Moradabad,Moradabad,Moradabad,Moradabad,Moradabad,Jyotiba Phule Nagar
Uttar Pradesh,Bijnor,Bijnor,Bijnor,Bijnor,Bijnor,Bijnor
Uttar Pradesh,Moradabad,Moradabad,Moradabad,Moradabad,Moradabad,Moradabad
Uttar Pradesh,Moradabad,Moradabad,Moradabad,Moradabad,Moradabad,Jyotiba Phule Nagar
Uttar Pradesh,Budaun,Budaun,Budaun,Budaun,Budaun,Budaun
Uttar Pradesh,Rampur,Rampur,Rampur,Rampur,Rampur,Rampur
Uttar Pradesh,Bareilly,Bareilly,Bareilly,Bareilly,Bareilly,Bareilly
Uttar Pradesh,Pilibhit,Pilibhit,Pilibhit,Pilibhit,Pilibhit,Pilibhit
Uttar Pradesh,Shahjahanpur,Shahjahanpur,Shahjahanpur,Shahjahanpur,Shahjahanpur,Shahjahanpur
Uttar Pradesh,Saharanpur,Saharanpur,Saharanpur,Saharanpur,Saharanpur,Saharanpur
Uttar Pradesh,Saharanpur,Saharanpur,Saharanpur,Saharanpur,Hardwar,NA
Uttar Pradesh,Muzaffarnagar,Muzaffarnagar,Muzaffarnagar,Muzaffarnagar,Muzaffarnagar,Muzaffarnagar
Uttar Pradesh,Meerut,Meerut,Meerut,Meerut,Meerut,Meerut
Uttar Pradesh,Meerut,Meerut,Meerut,Meerut,Meerut,Baghpat
Uttar Pradesh,Meerut,Meerut,Meerut,Ghaziabad,Ghaziabad,Ghaziabad
Uttar Pradesh,Meerut,Meerut,Meerut,Ghaziabad,Ghaziabad,Gautam Buddha Nagar
Uttar Pradesh,Bulandshahr,Bulandshahr,Bulandshahr,Bulandshahr,Bulandshahr,Bulandshahr
Uttar Pradesh,Bulandshahr,Bulandshahr,Bulandshahr,Bulandshahr,Bulandshahr,Gautam Buddha Nagar
Uttar Pradesh,Bulandshahr,Bulandshahr,Bulandshahr,Ghaziabad,Ghaziabad,NA
Uttar Pradesh,Aligarh,Aligarh,Aligarh,Aligarh,Aligarh,Aligarh
Uttar Pradesh,Aligarh,Aligarh,Aligarh,Aligarh,Aligarh,Hathras
Uttar Pradesh,Mathura,Mathura,Mathura,Mathura,Mathura,Mathura
Uttar Pradesh,Mathura,Mathura,Mathura,Mathura,Mathura,Hathras
Uttar Pradesh,Agra,Agra,Agra,Agra,Agra,Agra
Uttar Pradesh,Etah,Etah,Etah,Etah,Etah,Etah
Uttar Pradesh,Mainpuri,Mainpuri,Mainpuri,Mainpuri,Mainpuri,Mainpuri
Uttar Pradesh,Mainpuri,Mainpuri,Mainpuri,Mainpuri,Firozabad,Firozabad
Uttar Pradesh,Farrukhabad,Farrukhabad,Farrukhabad,Farrukhabad,Farrukhabad,Farrukhabad
Uttar Pradesh,Farrukhabad,Farrukhabad,Farrukhabad,Farrukhabad,Farrukhabad,Kannauj
Uttar Pradesh,Etawah,Etawah,Etawah,Etawah,Etawah,Etawah
Uttar Pradesh,Etawah,Etawah,Etawah,Etawah,Etawah,Auraiya
Uttar Pradesh,Kanpur,Kanpur,Kanpur,Kanpur,Kanpur Nagar,Kanpur Nagar
Uttar Pradesh,Kanpur,Kanpur,Kanpur,Kanpur,Kanpur Dehat,Kanpur Dehat
Uttar Pradesh,Fatehpur,Fatehpur,Fatehpur,Fatehpur,Fatehpur,Fatehpur
Uttar Pradesh,Allahabad,Allahabad,Allahabad,Allahabad,Allahabad,Allahabad
Uttar Pradesh,Allahabad,Allahabad,Allahabad,Allahabad,Allahabad,Kaushambi
Uttar Pradesh,Jhansi,Jhansi,Jhansi,Jhansi,Jhansi,Jhansi
Uttar Pradesh,Jhansi,Jhansi,Jhansi,Lalitpur,Lalitpur,Lalitpur
Uttar Pradesh,Jalaun,Jalaun,Jalaun,Jalaun,Jalaun,Jalaun
Uttar Pradesh,Hamirpur,Hamirpur,Hamirpur,Hamirpur,Hamirpur,Hamirpur
Uttar Pradesh,Hamirpur,Hamirpur,Hamirpur,Hamirpur,Hamirpur,Mahoba
Uttar Pradesh,Banda,Banda,Banda,Banda,Banda,Banda
Uttar Pradesh,Banda,Banda,Banda,Banda,Banda,Chitrakoot
Uttar Pradesh,Kheri,Kheri,Kheri,Kheri,Kheri,Kheri
Uttar Pradesh,Sitapur,Sitapur,Sitapur,Sitapur,Sitapur,Sitapur
Uttar Pradesh,Hardoi,Hardoi,Hardoi,Hardoi,Hardoi,Hardoi
Uttar Pradesh,Unnao,Unnao,Unnao,Unnao,Unnao,Hardoi
Uttar Pradesh,Lucknow,Lucknow,Lucknow,Lucknow,Lucknow,Lucknow
Uttar Pradesh,Rae Bareli,Rae Bareli,Rae Bareli,Rae Bareli,Rae Bareli,Rae Bareli
Uttar Pradesh,Bahraich,Bahraich,Bahraich,Bahraich,Bahraich,Bahraich
Uttar Pradesh,Bahraich,Bahraich,Bahraich,Bahraich,Bahraich,Shrawasti
Uttar Pradesh,Gonda,Gonda,Gonda,Gonda,Gonda,Gonda
Uttar Pradesh,Gonda,Gonda,Gonda,Gonda,Gonda,Balrampur
Uttar Pradesh,Bara Banki,Bara Banki,Bara Banki,Bara Banki,Bara Banki,Bara Banki
Uttar Pradesh,Faizabad,Faizabad,Faizabad,Faizabad,Faizabad,Faizabad
Uttar Pradesh,Faizabad,Faizabad,Faizabad,Faizabad,Faizabad,Ambedkar Nagar
Uttar Pradesh,Sultanpur,Sultanpur,Sultanpur,Sultanpur,Sultanpur,Sultanpur
Uttar Pradesh,Pratapgarh,Pratapgarh,Pratapgarh,Pratapgarh,Pratapgarh,Pratapgarh
Uttar Pradesh,Basti,Basti,Basti,Basti,Basti,Basti
Uttar Pradesh,Basti,Basti,Basti,Basti,Basti,Sant Kabir Nagar
Uttar Pradesh,Basti,Basti,Basti,Basti,Siddharthnagar,Siddharthngar
Uttar Pradesh,Basti,Basti,Basti,Basti,Siddharthnagar,Sant Kabir Nagar
Uttar Pradesh,Gorakhpur,Gorakhpur,Gorakhpur,Gorakhpur,Gorakhpur,Gorakhpur
Uttar Pradesh,Gorakhpur,Gorakhpur,Gorakhpur,Gorakhpur,Maharajgani,Maharajgani
Uttar Pradesh,Deoria,Deoria,Deoria,Deoria,Deoria,Deoria
Uttar Pradesh,Deoria,Deoria,Deoria,Deoria,Deoria,Kushinagar
Uttar Pradesh,Azamgarh,Azamgarh,Azamgarh,Azamgarh,Azamgarh,Azamgarh
Uttar Pradesh,Azamgarh,Azamgarh,Azamgarh,Azamgarh,Azamgarh,Ambedkar Nagar
Uttar Pradesh,Azamgarh,Azamgarh,Azamgarh,Azamgarh,Mau,Mau
Uttar Pradesh,Jaunpur,Jaunpur,Jaunpur,Jaunpur,Jaunpur,Jaunpur
Uttar Pradesh,Ballia,Ballia,Ballia,Ballia,Ballia,Ballia
Uttar Pradesh,Ghazipur,Ghazipur,Ghazipur,Ghazipur,Ghazipur,Ghazipur
Uttar Pradesh,Banares,Varanasi,Varanasi,Varanasi,Varanasi,Varanasi
Uttar Pradesh,Banares,Varanasi,Varanasi,Varanasi,Varanasi,Chandauli
Uttar Pradesh,Banares,Varanasi,Varanasi,Varanasi,Varanasi,Sant Ravidas Nagar
Uttar Pradesh,Mirzapur,Mirzapur,Mirzapur,Mirzapur,Mirzapur,Mirzapur
Uttar Pradesh,Mirzapur,Mirzapur,Mirzapur,Mirzapur,Sonbhadra,Sonbhadra
Uttaranchal,Tehri Garhwal,Uttar Kashi,Uttar Kashi,Uttar Kashi,Uttar Kashi,Uttar Kashi
Uttaranchal,Garhwal,Chamoli,Chamoli,Chamoli,Chamoli,Chamoli
Uttaranchal,Garhwal,Chamoli,Chamoli,Chamoli,Chamoli,Rudraprayag
Uttaranchal,Almora,Pithoragarh,Pithoragarh,Pithoragarh,Pithoragarh,Pithoragarh
Uttaranchal,Almora,Pithoragarh,Pithoragarh,Pithoragarh,Pithoragarh,Champawat
Uttaranchal,Tehri Garhwal,Tehri Garhwal,Tehri Garhwal,Tehri Garhwal,Tehri Garhwal,Tehri Garhwal
Uttaranchal,Tehri Garhwal,Tehri Garhwal,Tehri Garhwal,Tehri Garhwal,Tehri Garhwal,Rudraprayag
Uttaranchal,Garhwal,Garhwal,Garhwal,Garhwal,Garhwal,Garhwal
Uttaranchal,Garhwal,Garhwal,Garhwal,Garhwal,Garhwal,Rudraprayag
Uttaranchal,Almora,Almora,Almora,Almora,Almora,Almora
Uttaranchal,Almora,Almora,Almora,Almora,Almora,Bageshwar
Uttaranchal,Naini Tal,Naini Tal,Naini Tal,Naini Tal,Naini Tal,Nainital
Uttaranchal,Naini Tal,Naini Tal,Naini Tal,Naini Tal,Naini Tal,Udham Singh Nagar
Uttaranchal,Naini Tal,Naini Tal,Naini Tal,Naini Tal,Naini Tal,Champawat
Uttaranchal,Dehra Dun,Dehra Dun,Dehra Dun,Dehra Dun,Dehra Dun,NA
West Bengal,Darjeeling,Darjeeling,Darjeeling,Darjeeling,Darjeeling,Darjeeling
West Bengal,Jalpaiguri,Jalpaiguri,Jalpaiguri,Jalpaiguri,Jalpaiguri,Jalpaiguri
West Bengal,Cooch Behar,Cooch Behar,Cooch Behar,Cooch Behar,Cooch Behar,Cooch Behar
West Bengal,West Dinajpur,West Dinajpur,West Dinajpur,West Dinajpur,West Dinajpur,Uttar Dinajpur
West Bengal,West Dinajpur,West Dinajpur,West Dinajpur,West Dinajpur,West Dinajpur,Dakshin Dinajpur
West Bengal,Malda,Malda,Malda,Malda,Malda,Malda
West Bengal,Murshidabad,Murshidabad,Murshidabad,Murshidabad,Murshidabad,Murshidabad
West Bengal,Nadia,Nadia,Nadia,Nadia,Nadia,Nadia
West Bengal,24 - Parganas,24 - Parganas,24 - Parganas,24 - Parganas,South Twenty Four Parganas,South Twenty Four Parganas
West Bengal,24 - Parganas,24 - Parganas,24 - Parganas,24 - Parganas,North Twenty Four Parganas,North Twenty Four Parganas
West Bengal,Calcutta,Calcutta,Calcutta,Calcutta,Calcutta,Calcutta
West Bengal,Howrah,Howrah,Howrah,Howrah,Howrah,Howrah
West Bengal,Hooghly,Hooghly,Hooghly,Hooghly,Hooghly,Hooghly
West Bengal,Burdwan,Burdwan,Burdwan,Burdwan,Burdwan,Burdwan
West Bengal,Birbhum,Birbhum,Birbhum,Birbhum,Birbhum,Birbhum
West Bengal,Bankura,Bankura,Bankura,Bankura,Bankura,Bankura
West Bengal,Midnapur,Midnapore,Midnapore,Midnapore,Midnapore,Midnapore
West Bengal,Purulia,Puralia,Puralia,Puralia,Puralia,Puralia